{"Ratio of Black Lives Lost": [0.29754838709677417], 
    "Population Proportion of Blacks": [0.134], 
    "Ratio of Hispanic Lives Lost": [0.19483870967741934], 
    "Population Proportion of Hispanics": [0.183], 
    "Ratio of Native American Lives Lost": [0.012903225806451613], 
    "Population Proportion of Native Americans": [0.013],
     "Ratio of Asian Lives Lost": [0.017720430107526882], 
     "Population Proportion of Asians": [0.059], 
     "Ratio of Pacific Islanders Lives Lost": [0.006365591397849462], 
     "Population Proportion of Pacific Islanders": [0.002],
     "Ratio of White Lives Lost": [0.38167741935483873], 
      "Population Proportion of Whites": [0.604], 
      "Ratio of Unknown Race Lives Lost": [0.08894623655913979], 
      "Population Proportion of Unknown": [0.000791222582479584]}