{"Ratio of Black Lives Lost": [0.25368654573926663], "Ratio of Hispanic Lives Lost": [0.1742137544042803], "Ratio of Native American Lives Lost": [0.014615685762756101], "Ratio of Asian Lives Lost": [0.015398668928618034], "Ratio of Pacific Islanders Lives Lost": [0.0054808821610335375], "Ratio of White Lives Lost": [0.44081952238026884], "Ratio of Unknown Race Lives Lost": [0.09578494062377658]}